Название;Цена;Ссылка
GA-700SKE-7AER;12 390;https://shop.casio.ru/catalog/g-shock-youth/ga-700ske-7aer/
GA-2100SKE-7AER;11 790;https://shop.casio.ru/catalog/g-shock-youth/ga-2100ske-7aer/
DW-5600SKE-7ER;11 790;https://shop.casio.ru/catalog/g-shock/dw-5600ske-7er/
GA-110SKE-8AER;12 390;https://shop.casio.ru/catalog/g-shock-youth/ga-110ske-8aer/
GA-900SKE-8AER;12 390;https://shop.casio.ru/catalog/g-shock-youth/ga-900ske-8aer/
GA-2000SKE-8AER;12 390;https://shop.casio.ru/catalog/g-shock-youth/ga-2000ske-8aer/
GA-2100-1A1ER;9 890;https://shop.casio.ru/catalog/g-shock-youth/ga_2100_1a1er/
GA-2100-1AER;9 890;https://shop.casio.ru/catalog/g-shock-youth/ga_2100_1aer/
GA-2100-4AER;9 890;https://shop.casio.ru/catalog/g-shock-youth/ga_2100_4aer/
GMW-B5000D-1ER;49 990;https://shop.casio.ru/catalog/g-shock-premium/gmw_b5000d_1er/
DW-5600BBMB-1ER;7 990;https://shop.casio.ru/catalog/g-shock/dw_5600bbmb_1er/
DW-5600E-1VER;7 740;https://shop.casio.ru/catalog/g-shock/dw_5600e_1ver/
DW-5600LS-2ER;11 790;https://shop.casio.ru/catalog/g-shock-youth/dw-5600ls-2/
DW-5600LS-7ER;11 790;https://shop.casio.ru/catalog/g-shock-youth/dw-5600ls-7/
DW-5610DN-9ER;11 790;https://shop.casio.ru/catalog/g-shock/dw-5610dn-9/
AW-590-1AER;9 590;https://shop.casio.ru/catalog/g-shock/aw_590_1a/
AW-591-2AER;9 590;https://shop.casio.ru/catalog/g-shock/aw_591_2a/
AW-591-4AER;9 590;https://shop.casio.ru/catalog/g-shock/aw_591_4a/
AWM-500GC-1AJR;125 990;https://shop.casio.ru/catalog/g-shock/awm_500gc_1ajr/
DW-5600BB-1ER;9 890;https://shop.casio.ru/catalog/g-shock/dw_5600bb_1er/
DW-5600DAILY21-1ER;14 140;https://shop.casio.ru/catalog/g-shock/dw-5600daily21-1er/
DW-5600GC-7ER;12 390;https://shop.casio.ru/catalog/g-shock-youth/dw_5600gc_7er/
DW-5600RB-2ER;10 590;https://shop.casio.ru/catalog/g-shock/dw_5600rb_2er/
DW-5600RB-3ER;10 590;https://shop.casio.ru/catalog/g-shock/dw-5600rb-3er/
DW-5600REC-9ER;10 590;https://shop.casio.ru/catalog/g-shock/dw_5600rec_9er/
DW-5610SUS-5ER;15 290;https://shop.casio.ru/catalog/g-shock/dw_5610sus_5er/
DW-6900LS-1ER;11 790;https://shop.casio.ru/catalog/g-shock-youth/dw-6900ls-1/
DW-6900LS-2ER;11 790;https://shop.casio.ru/catalog/g-shock-youth/dw-6900ls-2/
DW-6900SP-1ER;12 990;https://shop.casio.ru/catalog/g-shock/dw_6900sp_1er/
DWE-5600CC-3ER;27 790;https://shop.casio.ru/catalog/g-shock/dwe_5600cc_3er/
DWE-5600KS-7ER;24 590;https://shop.casio.ru/catalog/g-shock/dwe_5600ks_7er/
DWE-5600R-9ER;21 790;https://shop.casio.ru/catalog/g-shock/dwe_5600r_9er/
G-9000-1VER;9 940;https://shop.casio.ru/catalog/g-shock-professional/g_9000_1ver/
GA-100-1A1ER;10 590;https://shop.casio.ru/catalog/g-shock-youth/ga_100_1a1er/
GA-100-1A2ER;10 590;https://shop.casio.ru/catalog/g-shock-youth/ga_100_1a2er/
GA-100-1A4ER;10 590;https://shop.casio.ru/catalog/g-shock-youth/ga_100_1a4er/
GA-100B-4AER;10 590;https://shop.casio.ru/catalog/g-shock-youth/ga_100b_4aer/
GA-100B-7AER;10 590;https://shop.casio.ru/catalog/g-shock-youth/ga_100b_7aer/
GA-100CF-1A9ER;12 840;https://shop.casio.ru/catalog/g-shock-youth/ga_100cf_1a9er/
GA-100CM-5AER;15 690;https://shop.casio.ru/catalog/g-shock-youth/ga_100cm_5aer/
GA-100GBX-1A4;11 790;https://shop.casio.ru/catalog/g-shock-youth/ga_100gbx_1a4/
GA-100GBX-1A9;11 790;https://shop.casio.ru/catalog/g-shock-youth/ga_100gbx_1a9/
GA-110-1AER;12 390;https://shop.casio.ru/catalog/g-shock-youth/ga_110_1aer/
GA-110-1BER;12 390;https://shop.casio.ru/catalog/g-shock-youth/ga_110_1ber/
GA-110GB-1AER;13 840;https://shop.casio.ru/catalog/g-shock-youth/ga_110gb_1aer/
GA-110LS-1AER;13 490;https://shop.casio.ru/catalog/g-shock-youth/ga_110ls_1aer/
GA-140-1A1ER;10 590;https://shop.casio.ru/catalog/g-shock-youth/ga_140_1a1er/
GA-140-1A4ER;10 590;https://shop.casio.ru/catalog/g-shock-youth/ga_140_1a4er/
GA-140-6AER;10 590;https://shop.casio.ru/catalog/g-shock-youth/ga_140_6aer/
GA-140CT-1AER;11 790;https://shop.casio.ru/catalog/g-shock-youth/ga-140ct-1aer/
GA-2000-1A2ER;12 840;https://shop.casio.ru/catalog/g-shock-youth/ga_2000_1a2er/
GA-2000-1A9ER;12 840;https://shop.casio.ru/catalog/g-shock-youth/ga_2000_1a9er/
GA-2000S-1AER;12 390;https://shop.casio.ru/catalog/g-shock-youth/ga_2000s_1aer/
GA-2000SU-1AER;13 990;https://shop.casio.ru/catalog/g-shock-youth/ga_2000su_1aer/
GA-2100-5AER;9 890;https://shop.casio.ru/catalog/g-shock-youth/ga-2100-5aer/
GA-2100FR-3AER;12 390;https://shop.casio.ru/catalog/g-shock-youth/ga_2100fr_3aer/
GA-2100FR-5AER;12 390;https://shop.casio.ru/catalog/g-shock-youth/ga_2100fr_5aer/
GA-2100SU-1AER;11 790;https://shop.casio.ru/catalog/g-shock-youth/ga_2100su_1aer/
GA-2100VB-1AER;10 590;https://shop.casio.ru/catalog/g-shock-youth/ga_2100vb_1aer/
GA-2110ET-2AER;11 790;https://shop.casio.ru/catalog/g-shock-youth/ga_2110et_2aer/
GA-2110ET-8AER;11 790;https://shop.casio.ru/catalog/g-shock-youth/ga_2110et_8aer/
GA-2110SU-3AER;11 790;https://shop.casio.ru/catalog/g-shock-youth/ga_2110su_3aer/
GA-2200-2AER;11 990;https://shop.casio.ru/catalog/g-shock/ga-2200-2aer/
GA-2200BB-1AER;11 990;https://shop.casio.ru/catalog/g-shock/ga-2200bb-1aer/
GA-2200GC-7AER;14 990;https://shop.casio.ru/catalog/g-shock/ga_2200gc_7aer/
GA-2200M-1AER;12 390;https://shop.casio.ru/catalog/g-shock/ga-2200m-1aer/
GA-2200M-4AER;12 390;https://shop.casio.ru/catalog/g-shock/ga-2200m-4aer/
GA-700-1BER;12 390;https://shop.casio.ru/catalog/g-shock-youth/ga_700_1ber/
GA-700CT-1AER;11 790;https://shop.casio.ru/catalog/g-shock-youth/ga-700ct-1aer/
GA-700MG-1AER;11 790;https://shop.casio.ru/catalog/g-shock/ga_700mg_1aer/
GA-700VB-1AER;11 790;https://shop.casio.ru/catalog/g-shock-youth/ga_700vb_1aer/
GA-710GB-1AER;14 940;https://shop.casio.ru/catalog/g-shock-youth/ga_710gb_1aer/
GA-800SC-2AER;10 540;https://shop.casio.ru/catalog/g-shock-youth/ga_800sc_2aer/
GA-900-1AER;12 390;https://shop.casio.ru/catalog/g-shock-youth/ga_900_1aer/
GA-900-2AER;12 390;https://shop.casio.ru/catalog/g-shock-youth/ga_900_2aer/
GA-900-4AER;12 390;https://shop.casio.ru/catalog/g-shock-youth/ga_900_4aer/
GA-900A-1A9ER;12 390;https://shop.casio.ru/catalog/g-shock-youth/ga_900a_1a9er/
GA-900AG-1AER;14 490;https://shop.casio.ru/catalog/g-shock-youth/ga-900ag-1aer/
GA-900BEP-8AER;19 990;https://shop.casio.ru/catalog/g-shock-youth/ga-900bep-8aer/
GA-900C-1A4ER;13 490;https://shop.casio.ru/catalog/g-shock-youth/ga_900c_1a4er/
GA-900E-1A3ER;16 490;https://shop.casio.ru/catalog/g-shock-youth/ga_900e_1a3er/
GA-900GC-7AER;14 990;https://shop.casio.ru/catalog/g-shock-youth/ga_900gc_7aer/
GA-900TS-4AER;14 990;https://shop.casio.ru/catalog/g-shock-youth/ga-900ts-4aer/
GA-900TS-6AER;14 990;https://shop.casio.ru/catalog/g-shock-youth/ga-900ts-6aer/
GA-900VB-1AER;14 490;https://shop.casio.ru/catalog/g-shock-youth/ga_900vb_1aer/
GAE-2100GC-7AER;21 790;https://shop.casio.ru/catalog/g-shock-youth/gae_2100gc_7aer/
GAW-100-1AER;14 490;https://shop.casio.ru/catalog/g-shock-youth/gaw_100_1aer/
GAW-100B-1A2ER;14 490;https://shop.casio.ru/catalog/g-shock-youth/gaw_100b_1a2er/
GAW-100B-1AER;14 490;https://shop.casio.ru/catalog/g-shock-youth/gaw_100b_1aer/
GBA-800-1AER;13 490;https://shop.casio.ru/catalog/g-shock-connected/gba_800_1aer/
GBA-800-9AER;13 490;https://shop.casio.ru/catalog/g-shock-connected/gba_800_9aer/
GBD-800-1BER;10 590;https://shop.casio.ru/catalog/g-shock-connected/gbd_800_1ber/
GBD-800-8ER;10 590;https://shop.casio.ru/catalog/g-shock-connected/gbd_800_8er/
GBD-800UC-3ER;10 590;https://shop.casio.ru/catalog/g-shock-connected/gbd_800uc_3er/
GBD-800UC-5ER;10 590;https://shop.casio.ru/catalog/g-shock-connected/gbd_800uc_5er/
GBD-800UC-8ER;10 590;https://shop.casio.ru/catalog/g-shock-connected/gbd_800uc_8er/
GG-B100-1A3ER;37 390;https://shop.casio.ru/catalog/g-shock-connected/gg_b100_1a3er/
GG-B100-1AER;37 390;https://shop.casio.ru/catalog/g-shock-connected/gg_b100_1aer/
GG-B100-1BER;37 390;https://shop.casio.ru/catalog/g-shock-connected/gg_b100_1ber/
GM-110G-1A9ER;23 540;https://shop.casio.ru/catalog/g-shock-youth/gm_110g_1a9er/
GM-110NE-1AER;35 940;https://shop.casio.ru/catalog/g-shock-youth/gm_110ne_1aer/
GM-110RH-1AER;38 590;https://shop.casio.ru/catalog/g-shock-youth/gm-110rh-1aer/
GM-110SCM-1AER;23 540;https://shop.casio.ru/catalog/g-shock-youth/gm_110scm_1aer/
GM-110SG-9AER;25 890;https://shop.casio.ru/catalog/g-shock-youth/gm-110sg-9aer/
GM-2100-1AER;19 890;https://shop.casio.ru/catalog/g-shock/gm-2100-1aer/
GM-2100B-4AER;22 390;https://shop.casio.ru/catalog/g-shock/gm-2100b-4aer/
GM-2100MG-1AER;29 490;https://shop.casio.ru/catalog/g-shock/gm_2100mg_1aer/
GM-2100N-2AER;22 390;https://shop.casio.ru/catalog/g-shock-youth/gm-2100n-2aer/
GM-5600-1ER;18 840;https://shop.casio.ru/catalog/g-shock/gm_5600_1er/
GM-5600B-3ER;19 990;https://shop.casio.ru/catalog/g-shock/gm_5600b_3er/
GM-5600EY-1DR;36 990;https://shop.casio.ru/catalog/g-shock-youth/gm_5600ey_1dr/
GM-5600SCM-1ER;21 790;https://shop.casio.ru/catalog/g-shock/gm_5600scm_1er/
GM-5600SG-9ER;23 540;https://shop.casio.ru/catalog/g-shock/gm-5600sg-9er/
GM-5600SN-1ER;26 790;https://shop.casio.ru/catalog/g-shock/gm-5600sn-1er/
GM-6900-1ER;19 990;https://shop.casio.ru/catalog/g-shock/gm_6900_1er/
GM-6900B-4ER;19 990;https://shop.casio.ru/catalog/g-shock/gm_6900b_4er/
GM-6900G-9ER;21 390;https://shop.casio.ru/catalog/g-shock/gm_6900g_9er/
GM-6900SCM-1ER;21 790;https://shop.casio.ru/catalog/g-shock/gm_6900scm_1er/
GM-6900SG-9ER;24 590;https://shop.casio.ru/catalog/g-shock/gm-6900sg-9er/
GMD-B800-1ER;10 590;https://shop.casio.ru/catalog/g-shock-connected/gmd_b800_1er/
GMD-B800-4ER;10 590;https://shop.casio.ru/catalog/g-shock-connected/gmd_b800_4er/
GMW-B5000GD-4ER;51 990;https://shop.casio.ru/catalog/g-shock-premium/gmw_b5000gd_4er/
GMW-B5000GD-9ER;51 990;https://shop.casio.ru/catalog/g-shock-premium/gmw_b5000gd_9er/
GMW-B5000PB-6ER;58 890;https://shop.casio.ru/catalog/g-shock-premium/gmw-b5000pb-6er/
GMW-B5000RD-4ER;51 990;https://shop.casio.ru/catalog/g-shock-premium/gmw-b5000rd-4er/
GMW-B5000TVA-1ER;169 990;https://shop.casio.ru/catalog/g-shock-premium/gmw_b5000tva_1er/
GST-B100-1AER;27 490;https://shop.casio.ru/catalog/g-shock-g-steel/gst_b100_1aer/
GST-B100D-1AER;34 990;https://shop.casio.ru/catalog/g-shock-g-steel/gst_b100d_1aer/
GST-B300S-1AER;28 590;https://shop.casio.ru/catalog/g-shock-g-steel/gst_b300s_1aer/
GST-B300SD-1AER;35 990;https://shop.casio.ru/catalog/g-shock-g-steel/gst_b300sd_1aer/
GST-B400-1AER;30 790;https://shop.casio.ru/catalog/g-shock-g-steel/gst_b400_1aer/
GST-B400CD-1A3ER;39 490;https://shop.casio.ru/catalog/g-shock-g-steel/gst-b400cd-1a3er/
GST-B400D-1AER;35 990;https://shop.casio.ru/catalog/g-shock-g-steel/gst_b400d_1aer/
GST-W110-1AER;26 390;https://shop.casio.ru/catalog/g-shock-g-steel/gst_w110_1aer/
GW-3000M-4AER;24 740;https://shop.casio.ru/catalog/g-shock-professional/gw_3000m_4aer/
GW-9400-1ER;29 440;https://shop.casio.ru/catalog/g-shock-professional/gw_9400_1er/
GW-B5600-2ER;13 590;https://shop.casio.ru/catalog/g-shock-connected/gw_b5600_2er/
GW-B5600BC-1BER;20 690;https://shop.casio.ru/catalog/g-shock-connected/gw_b5600bc_1ber/
GW-B5600CT-1ER;12 190;https://shop.casio.ru/catalog/g-shock-connected/gw-b5600ct-1er/
GW-M5610-1ER;13 840;https://shop.casio.ru/catalog/g-shock/gw_m5610_1er/
GW-M5610U-1ER;13 840;https://shop.casio.ru/catalog/g-shock/gw_m5610u_1er/
GWG-100-1AER;28 890;https://shop.casio.ru/catalog/g-shock-professional/gwg_100_1aer/
GWG-2000-1A1ER;74 890;https://shop.casio.ru/catalog/g-shock/gwg_2000_1a1er/
GWG-2000-1A3ER;74 890;https://shop.casio.ru/catalog/g-shock/gwg_2000_1a3er/
GWG-2000-1A5ER;74 890;https://shop.casio.ru/catalog/g-shock/gwg_2000_1a5er/
GX-56BB-1ER;13 490;https://shop.casio.ru/catalog/g-shock/gx_56bb_1er/
GXW-56BB-1ER;24 490;https://shop.casio.ru/catalog/g-shock-youth/gxw_56bb_1er/
MRG-B1000D-1ADR;234 990;https://shop.casio.ru/catalog/g-shock-premium/mrg-b1000d-1adr/
MRG-B2000B-1ADR;232 990;https://shop.casio.ru/catalog/g-shock-premium/mrg-b2000b-1a/
MTG-B1000-1AER;80 990;https://shop.casio.ru/catalog/g-shock-premium/mtg-b1000-1aer/
MTG-B2000B-1A2ER;105 990;https://shop.casio.ru/catalog/g-shock-premium/mtg_b2000b_1a2er/
MTG-B2000BD-1A4ER;105 990;https://shop.casio.ru/catalog/g-shock-premium/mtg_b2000bd_1a4er/
MTG-B2000D-1AER;105 990;https://shop.casio.ru/catalog/g-shock-premium/mtg-b2000d-1aer/
MTG-B2000XMG-1AER;106 990;https://shop.casio.ru/catalog/g-shock-premium/mtg_b2000xmg_1aer/
